T (C),P (kbar),log10fO2,RedoxMode,SiO2,TiO2,Al2O3,Fe2O3,Cr2O3,FeO,MnO,MgO,NiO,CoO,CaO,Na2O,K2O,P2O5,H2O,CO2,SO3,Cl2O,F2O,Melts,olivine,clinopyroxene,feldspar,spinel,Minerals
1500,1,-8.66,IW,48.53,1.01,17.59,0.36,0.04,8.04,0,9.07,0,0,12.41,2.64,0.03,0.08,0.2,0,0,0,0,99.95,0,0,0,0,0
1495,1,-8.71,IW,48.53,1.01,17.59,0.36,0.04,8.04,0,9.07,0,0,12.41,2.64,0.03,0.08,0.2,0,0,0,0,99.95,0,0,0,0,0
1490,1,-8.75,IW,48.53,1.01,17.59,0.36,0.04,8.04,0,9.07,0,0,12.41,2.64,0.03,0.08,0.2,0,0,0,0,99.95,0,0,0,0,0
1485,1,-8.79,IW,48.53,1.01,17.59,0.36,0.04,8.05,0,9.07,0,0,12.41,2.64,0.03,0.08,0.2,0,0,0,0,99.95,0,0,0,0,0
1480,1,-8.84,IW,48.53,1.01,17.59,0.35,0.04,8.05,0,9.07,0,0,12.41,2.64,0.03,0.08,0.2,0,0,0,0,99.95,0,0,0,0,0
1475,1,-8.88,IW,48.53,1.01,17.59,0.35,0.04,8.05,0,9.07,0,0,12.41,2.64,0.03,0.08,0.2,0,0,0,0,99.95,0,0,0,0,0
1470,1,-8.92,IW,48.53,1.01,17.59,0.35,0.04,8.05,0,9.07,0,0,12.41,2.64,0.03,0.08,0.2,0,0,0,0,99.95,0,0,0,0,0
1465,1,-8.97,IW,48.53,1.01,17.59,0.35,0.04,8.05,0,9.07,0,0,12.41,2.64,0.03,0.08,0.2,0,0,0,0,99.95,0,0,0,0,0
1460,1,-9.01,IW,48.53,1.01,17.59,0.35,0.04,8.05,0,9.07,0,0,12.41,2.64,0.03,0.08,0.2,0,0,0,0,99.95,0,0,0,0,0
1455,1,-9.06,IW,48.53,1.01,17.59,0.35,0.04,8.05,0,9.07,0,0,12.41,2.64,0.03,0.08,0.2,0,0,0,0,99.95,0,0,0,0,0
1450,1,-9.1,IW,48.53,1.01,17.59,0.35,0.04,8.05,0,9.07,0,0,12.41,2.64,0.03,0.08,0.2,0,0,0,0,99.95,0,0,0,0,0
1445,1,-9.15,IW,48.53,1.01,17.59,0.35,0.04,8.05,0,9.07,0,0,12.41,2.64,0.03,0.08,0.2,0,0,0,0,99.95,0,0,0,0,0
1440,1,-9.19,IW,48.53,1.01,17.59,0.35,0.04,8.05,0,9.07,0,0,12.41,2.64,0.03,0.08,0.2,0,0,0,0,99.95,0,0,0,0,0
1435,1,-9.24,IW,48.53,1.01,17.59,0.35,0.04,8.05,0,9.07,0,0,12.41,2.64,0.03,0.08,0.2,0,0,0,0,99.95,0,0,0,0,0
1430,1,-9.28,IW,48.53,1.01,17.59,0.35,0.04,8.05,0,9.07,0,0,12.41,2.64,0.03,0.08,0.2,0,0,0,0,99.95,0,0,0,0,0
1425,1,-9.33,IW,48.53,1.01,17.59,0.35,0.04,8.05,0,9.07,0,0,12.41,2.64,0.03,0.08,0.2,0,0,0,0,99.95,0,0,0,0,0
1420,1,-9.38,IW,48.53,1.01,17.59,0.35,0.04,8.05,0,9.07,0,0,12.41,2.64,0.03,0.08,0.2,0,0,0,0,99.95,0,0,0,0,0
1415,1,-9.42,IW,48.53,1.01,17.59,0.35,0.04,8.05,0,9.07,0,0,12.41,2.64,0.03,0.08,0.2,0,0,0,0,99.95,0,0,0,0,0
1410,1,-9.47,IW,48.53,1.01,17.59,0.35,0.04,8.05,0,9.07,0,0,12.41,2.64,0.03,0.08,0.2,0,0,0,0,99.95,0,0,0,0,0
1405,1,-9.52,IW,48.53,1.01,17.59,0.35,0.04,8.05,0,9.07,0,0,12.41,2.64,0.03,0.08,0.2,0,0,0,0,99.95,0,0,0,0,0
1400,1,-9.57,IW,48.53,1.01,17.59,0.35,0.04,8.05,0,9.07,0,0,12.41,2.64,0.03,0.08,0.2,0,0,0,0,99.95,0,0,0,0,0
1395,1,-9.62,IW,48.53,1.01,17.59,0.35,0.04,8.05,0,9.07,0,0,12.41,2.64,0.03,0.08,0.2,0,0,0,0,99.95,0,0,0,0,0
1390,1,-9.66,IW,48.53,1.01,17.59,0.35,0.04,8.05,0,9.07,0,0,12.41,2.64,0.03,0.08,0.2,0,0,0,0,99.95,0,0,0,0,0
1385,1,-9.71,IW,48.53,1.01,17.59,0.35,0.04,8.05,0,9.07,0,0,12.41,2.64,0.03,0.08,0.2,0,0,0,0,99.95,0,0,0,0,0
1380,1,-9.76,IW,48.53,1.01,17.59,0.35,0.04,8.05,0,9.07,0,0,12.41,2.64,0.03,0.08,0.2,0,0,0,0,99.95,0,0,0,0,0
1375,1,-9.81,IW,48.53,1.01,17.59,0.35,0.04,8.05,0,9.07,0,0,12.41,2.64,0.03,0.08,0.2,0,0,0,0,99.95,0,0,0,0,0
1370,1,-9.86,IW,48.53,1.01,17.59,0.35,0.04,8.05,0,9.07,0,0,12.41,2.64,0.03,0.08,0.2,0,0,0,0,99.95,0,0,0,0,0
1365,1,-9.91,IW,48.53,1.01,17.59,0.34,0.04,8.05,0,9.07,0,0,12.41,2.64,0.03,0.08,0.2,0,0,0,0,99.95,0,0,0,0,0
1360,1,-9.96,IW,48.53,1.01,17.59,0.34,0.04,8.06,0,9.07,0,0,12.41,2.64,0.03,0.08,0.2,0,0,0,0,99.95,0,0,0,0,0
1355,1,-10.01,IW,48.53,1.01,17.59,0.34,0.04,8.06,0,9.07,0,0,12.41,2.64,0.03,0.08,0.2,0,0,0,0,99.95,0,0,0,0,0
1350,1,-10.06,IW,48.53,1.01,17.59,0.34,0.04,8.06,0,9.07,0,0,12.41,2.64,0.03,0.08,0.2,0,0,0,0,99.95,0,0,0,0,0
1345,1,-10.11,IW,48.53,1.01,17.59,0.34,0.04,8.06,0,9.07,0,0,12.41,2.64,0.03,0.08,0.2,0,0,0,0,99.95,0,0,0,0,0
1340,1,-10.16,IW,48.53,1.01,17.59,0.34,0.04,8.06,0,9.07,0,0,12.41,2.64,0.03,0.08,0.2,0,0,0,0,99.95,0,0,0,0,0
1335,1,-10.22,IW,48.53,1.01,17.59,0.34,0.04,8.06,0,9.07,0,0,12.41,2.64,0.03,0.08,0.2,0,0,0,0,99.95,0,0,0,0,0
1330,1,-10.27,IW,48.53,1.01,17.59,0.34,0.04,8.06,0,9.07,0,0,12.41,2.64,0.03,0.08,0.2,0,0,0,0,99.95,0,0,0,0,0
1325,1,-10.32,IW,48.53,1.01,17.59,0.34,0.04,8.06,0,9.07,0,0,12.41,2.64,0.03,0.08,0.2,0,0,0,0,99.95,0,0,0,0,0
1320,1,-10.37,IW,48.53,1.01,17.59,0.34,0.04,8.06,0,9.07,0,0,12.41,2.64,0.03,0.08,0.2,0,0,0,0,99.95,0,0,0,0,0
1315,1,-10.43,IW,48.53,1.01,17.59,0.34,0.04,8.06,0,9.07,0,0,12.41,2.64,0.03,0.08,0.2,0,0,0,0,99.95,0,0,0,0,0
1310,1,-10.48,IW,48.53,1.01,17.59,0.34,0.04,8.06,0,9.07,0,0,12.41,2.64,0.03,0.08,0.2,0,0,0,0,99.95,0,0,0,0,0
1305,1,-10.53,IW,48.53,1.01,17.59,0.34,0.04,8.06,0,9.07,0,0,12.41,2.64,0.03,0.08,0.2,0,0,0,0,99.95,0,0,0,0,0
1300,1,-10.59,IW,48.53,1.01,17.59,0.34,0.04,8.06,0,9.07,0,0,12.41,2.64,0.03,0.08,0.2,0,0,0,0,99.95,0,0,0,0,0
1295,1,-10.64,IW,48.53,1.01,17.59,0.34,0.04,8.06,0,9.07,0,0,12.41,2.64,0.03,0.08,0.2,0,0,0,0,99.95,0,0,0,0,0
1290,1,-10.7,IW,48.53,1.01,17.59,0.34,0.04,8.06,0,9.07,0,0,12.41,2.64,0.03,0.08,0.2,0,0,0,0,99.95,0,0,0,0,0
1285,1,-10.75,IW,48.53,1.01,17.59,0.34,0.04,8.06,0,9.07,0,0,12.41,2.64,0.03,0.08,0.2,0,0,0,0,99.95,0,0,0,0,0
1280,1,-10.81,IW,48.53,1.01,17.59,0.34,0.04,8.06,0,9.07,0,0,12.41,2.64,0.03,0.08,0.2,0,0,0,0,99.95,0,0,0,0,0
1275,1,-10.86,IW,48.53,1.01,17.59,0.34,0.04,8.06,0,9.07,0,0,12.41,2.64,0.03,0.08,0.2,0,0,0,0,99.95,0,0,0,0,0
1270,1,-10.92,IW,48.53,1.01,17.59,0.34,0.04,8.06,0,9.07,0,0,12.41,2.64,0.03,0.08,0.2,0,0,0,0,99.95,0,0,0,0,0
1265,1,-10.98,IW,48.53,1.01,17.59,0.34,0.04,8.06,0,9.07,0,0,12.41,2.64,0.03,0.08,0.2,0,0,0,0,99.95,0,0,0,0,0
1260,1,-11.03,IW,48.53,1.01,17.59,0.34,0.04,8.06,0,9.07,0,0,12.41,2.64,0.03,0.08,0.2,0,0,0,0,99.95,0,0,0,0,0
1255,1,-11.09,IW,48.53,1.01,17.59,0.34,0.04,8.06,0,9.07,0,0,12.41,2.64,0.03,0.08,0.2,0,0,0,0,99.95,0,0,0,0,0
1250,1,-11.15,IW,48.53,1.01,17.59,0.34,0.04,8.06,0,9.07,0,0,12.41,2.64,0.03,0.08,0.2,0,0,0,0,99.95,0,0,0,0,0
1245,1,-11.2,IW,48.53,1.01,17.59,0.34,0.04,8.06,0,9.07,0,0,12.41,2.64,0.03,0.08,0.2,0,0,0,0,99.95,0,0,0,0,0
1240,1,-11.26,IW,48.53,1.01,17.59,0.34,0.04,8.06,0,9.07,0,0,12.41,2.64,0.03,0.08,0.2,0,0,0,0,99.95,0,0,0,0,0
1235,1,-11.32,IW,48.53,1.01,17.59,0.34,0.04,8.06,0,9.07,0,0,12.41,2.64,0.03,0.08,0.2,0,0,0,0,99.95,0,0,0,0,0
1230,1,-11.38,IW,48.53,1.01,17.59,0.34,0.04,8.06,0,9.07,0,0,12.41,2.64,0.03,0.08,0.2,0,0,0,0,99.95,0,0,0,0,0
1225,1,-11.44,IW,48.53,1.01,17.59,0.34,0.04,8.06,0,9.07,0,0,12.41,2.64,0.03,0.08,0.2,0,0,0,0,99.95,0,0,0,0,0
1220,1,-11.5,IW,48.55,1.01,17.63,0.34,0.04,8.05,0,8.98,0,0,12.44,2.65,0.03,0.08,0.2,0,0,0,0,99.71,0,0,0,0,0
1215,1,-11.56,IW,48.72,1.06,17.39,0.35,0.04,8.23,0,8.68,0,0,12.49,2.71,0.03,0.08,0.21,0,0,0,0,95.12,0.23,0,0,0,0.23
1210,1,-11.62,IW,48.89,1.11,17.14,0.36,0.05,8.41,0,8.39,0,0,12.54,2.78,0.03,0.09,0.22,0,0,0,0,90.85,1.76,0,3.07,0,4.83
1205,1,-11.68,IW,49.06,1.16,16.89,0.37,0.05,8.58,0,8.1,0,0,12.6,2.84,0.03,0.09,0.23,0,0,0,0,86.93,3.16,0,5.93,0,9.09
1200,1,-11.74,IW,49.21,1.21,16.65,0.38,0.05,8.75,0,7.82,0,0,12.66,2.89,0.03,0.1,0.24,0,0,0,0,83.32,4.43,0,8.57,0,13
1195,1,-11.81,IW,49.36,1.26,16.4,0.39,0.05,8.92,0,7.56,0,0,12.73,2.95,0.04,0.1,0.25,0,0,0,0,79.97,5.6,0,11.02,0,16.62
1190,1,-11.87,IW,49.51,1.31,16.16,0.4,0.06,9.08,0,7.3,0,0,12.8,3,0.04,0.1,0.26,0,0,0,0,76.86,6.67,0,13.3,0,19.97
1185,1,-11.93,IW,49.64,1.36,15.91,0.41,0.06,9.24,0,7.05,0,0,12.87,3.04,0.04,0.11,0.27,0,0,0,0,73.96,7.66,0,15.42,0,23.08
1180,1,-12,IW,49.77,1.41,15.67,0.42,0.06,9.39,0,6.81,0,0,12.96,3.08,0.04,0.11,0.28,0,0,0,0,71.26,8.57,0,17.41,0,25.98
1175,1,-12.06,IW,49.9,1.46,15.42,0.43,0.06,9.54,0,6.57,0,0,13.04,3.12,0.04,0.12,0.29,0,0,0,0,68.73,9.42,0,19.26,0,28.68
1170,1,-12.12,IW,50.02,1.52,15.18,0.43,0.06,9.69,0,6.35,0,0,13.13,3.16,0.04,0.12,0.3,0,0,0,0,66.36,10.2,0,21.01,0,31.21
1165,1,-12.19,IW,50.13,1.57,14.93,0.44,0.07,9.83,0,6.13,0,0,13.23,3.19,0.04,0.12,0.31,0,0,0,0,64.13,10.93,0,22.65,0,33.58
1160,1,-12.25,IW,50.24,1.62,14.69,0.45,0.07,9.97,0,5.92,0,0,13.33,3.22,0.04,0.13,0.32,0,0,0,0,62.04,11.61,0,24.19,0,35.8
1155,1,-12.32,IW,50.34,1.68,14.45,0.46,0.07,10.1,0,5.71,0,0,13.44,3.25,0.04,0.13,0.33,0,0,0,0,60.06,12.24,0,25.65,0,37.89
1150,1,-12.38,IW,50.44,1.73,14.21,0.47,0.07,10.23,0,5.51,0,0,13.55,3.27,0.05,0.14,0.34,0,0,0,0,58.2,12.84,0,27.03,0,39.87
1145,1,-12.45,IW,50.53,1.78,13.97,0.48,0.07,10.36,0,5.31,0,0,13.66,3.29,0.05,0.14,0.35,0,0,0,0,56.45,13.4,0,28.34,0,41.74
1140,1,-12.52,IW,50.62,1.84,13.73,0.49,0.08,10.48,0,5.13,0,0,13.78,3.31,0.05,0.15,0.36,0,0,0,0,54.78,13.92,0,29.57,0,43.49
1135,1,-12.59,IW,50.53,1.93,13.56,0.51,0.08,10.96,0,4.92,0,0,13.53,3.39,0.05,0.15,0.39,0,0,0,0,51.48,14.41,0,30.74,0,45.15
1130,1,-12.65,IW,50.43,2.01,13.39,0.52,0.09,11.4,0,4.75,0,0,13.32,3.46,0.05,0.16,0.41,0,0,0,0,48.69,14.41,1.74,32.3,0,48.45
1125,1,-12.72,IW,50.33,2.1,13.23,0.54,0.09,11.85,0,4.57,0,0,13.1,3.52,0.05,0.17,0.43,0,0,0,0,46.16,14.41,3.17,33.66,0,51.24
1120,1,-12.79,IW,50.22,2.19,13.06,0.56,0.1,12.3,0,4.41,0,0,12.9,3.58,0.06,0.18,0.45,0,0,0,0,43.84,14.41,4.47,34.9,0,53.78
1115,1,-12.86,IW,50.11,2.28,12.89,0.57,0.1,12.75,0,4.24,0,0,12.7,3.64,0.06,0.19,0.48,0,0,0,0,41.71,14.41,5.65,36.04,0,56.1
1110,1,-12.93,IW,49.99,2.36,12.72,0.59,0.11,13.2,0,4.09,0,0,12.5,3.69,0.06,0.2,0.5,0,0,0,0,39.75,14.41,6.73,37.09,0,58.23
1105,1,-13,IW,49.86,2.45,12.55,0.6,0.11,13.65,0,3.93,0,0,12.31,3.74,0.06,0.21,0.53,0,0,0,0,37.94,14.41,7.72,38.06,0,60.19
1100,1,-13.07,IW,49.72,2.54,12.38,0.62,0.12,14.1,0,3.78,0,0,12.13,3.79,0.07,0.22,0.55,0,0,0,0,36.26,14.41,8.63,38.96,0,62
1095,1,-13.14,IW,49.59,2.63,12.21,0.63,0.12,14.52,0,3.62,0,0,11.97,3.83,0.07,0.23,0.57,0,0,0,0,34.7,14.41,9.47,39.79,0,63.67
1090,1,-13.21,IW,49.65,2.62,12.04,0.65,0.1,14.86,0,3.42,0,0,11.84,3.9,0.07,0.24,0.61,0,0,0,0,32.83,14.44,10.21,40.58,0,65.23
1085,1,-13.29,IW,49.78,2.56,11.88,0.66,0.07,15.16,0,3.22,0,0,11.72,3.97,0.07,0.26,0.64,0,0,0,0,30.96,14.49,11.01,41.45,0.14,67.09
1080,1,-13.36,IW,49.93,2.49,11.72,0.67,0.04,15.44,0,3.01,0,0,11.61,4.05,0.08,0.27,0.68,0,0,0,0,29.21,14.53,11.8,42.3,0.33,68.96
1075,1,-13.43,IW,50.1,2.4,11.56,0.68,0.03,15.7,0,2.8,0,0,11.52,4.12,0.08,0.29,0.72,0,0,0,0,27.58,14.57,12.53,43.1,0.52,70.72
1070,1,-13.51,IW,50.26,2.31,11.41,0.69,0.01,15.93,0,2.6,0,0,11.44,4.19,0.08,0.31,0.76,0,0,0,0,26.09,14.62,13.19,43.84,0.69,72.34
1065,1,-13.58,IW,50.44,2.22,11.25,0.7,0.01,16.13,0,2.4,0,0,11.38,4.26,0.09,0.32,0.81,0,0,0,0,24.71,14.68,13.77,44.53,0.85,73.83
1060,1,-13.66,IW,50.62,2.13,11.09,0.71,0,16.31,0,2.2,0,0,11.33,4.32,0.09,0.34,0.85,0,0,0,0,23.44,14.75,14.3,45.16,1,75.21
1055,1,-13.73,IW,50.81,2.04,10.93,0.72,0,16.45,0,2.01,0,0,11.3,4.39,0.09,0.36,0.9,0,0,0,0,22.26,14.83,14.77,45.76,1.13,76.49
1050,1,-13.81,IW,51.02,1.94,10.77,0.73,0,16.56,0,1.83,0,0,11.29,4.45,0.1,0.38,0.94,0,0,0,0,21.15,14.91,15.19,46.31,1.26,77.67
1045,1,-13.89,IW,51.24,1.83,10.61,0.74,0,16.64,0,1.65,0,0,11.28,4.52,0.1,0.4,0.99,0,0,0,0,20.12,15,15.57,46.83,1.37,78.77
1040,1,-13.96,IW,51.46,1.73,10.45,0.74,0,16.69,0,1.48,0,0,11.3,4.58,0.1,0.42,1.04,0,0,0,0,19.17,15.09,15.92,47.31,1.49,79.81
1035,1,-14.04,IW,51.68,1.64,10.29,0.75,0,16.72,0,1.32,0,0,11.32,4.64,0.11,0.44,1.09,0,0,0,0,18.3,15.18,16.23,47.76,1.58,80.75
1030,1,-14.12,IW,51.9,1.56,10.12,0.76,0,16.73,0,1.17,0,0,11.36,4.7,0.11,0.46,1.14,0,0,0,0,17.49,15.28,16.5,48.18,1.67,81.63
1025,1,-14.2,IW,52.11,1.49,9.96,0.76,0,16.71,0,1.03,0,0,11.41,4.75,0.11,0.48,1.19,0,0,0,0,16.75,15.38,16.74,48.56,1.75,82.43
1020,1,-14.28,IW,52.32,1.42,9.8,0.77,0,16.67,0,0.9,0,0,11.46,4.8,0.12,0.5,1.24,0,0,0,0,16.07,15.48,16.96,48.92,1.81,83.17
1015,1,-14.36,IW,52.52,1.36,9.63,0.77,0,16.61,0,0.78,0,0,11.52,4.85,0.12,0.52,1.29,0,0,0,0,15.43,15.58,17.16,49.26,1.87,83.87
1010,1,-14.44,IW,52.72,1.31,9.47,0.78,0,16.54,0,0.68,0,0,11.59,4.9,0.12,0.54,1.34,0,0,0,0,14.83,15.67,17.34,49.57,1.92,84.5
1005,1,-14.52,IW,52.92,1.26,9.31,0.78,0,16.45,0,0.58,0,0,11.67,4.95,0.13,0.56,1.4,0,0,0,0,14.28,15.76,17.5,49.86,1.96,85.08
1000,1,-14.61,IW,53.12,1.21,9.14,0.79,0,16.35,0,0.49,0,0,11.75,5,0.13,0.58,1.45,0,0,0,0,13.76,15.85,17.65,50.14,2,85.64
995,1,-14.69,IW,53.32,1.16,8.98,0.79,0,16.24,0,0.41,0,0,11.83,5.04,0.13,0.6,1.5,0,0,0,0,13.28,15.94,17.79,50.39,2.04,86.16
990,1,-14.77,IW,53.51,1.12,8.82,0.79,0,16.12,0,0.33,0,0,11.92,5.08,0.14,0.62,1.55,0,0,0,0,12.83,16.02,17.93,50.64,2.07,86.66
985,1,-14.86,IW,53.7,1.08,8.65,0.8,0,15.98,0,0.27,0,0,12,5.13,0.14,0.64,1.61,0,0,0,0,12.4,16.09,18.05,50.86,2.1,87.1
