T (C),P (kbar),log10fO2,RedoxMode,olivine,CaO-1,MgO-1,FeO-1,MnO-1,CoO-1,NiO-1,SiO2-1,Mg#-1
1500,1,-8.66,IW,0,0,0,0,0,0,0,1,
1495,1,-8.71,IW,0,0,0,0,0,0,0,1,
1490,1,-8.75,IW,0,0,0,0,0,0,0,1,
1485,1,-8.79,IW,0,0,0,0,0,0,0,1,
1480,1,-8.84,IW,0,0,0,0,0,0,0,1,
1475,1,-8.88,IW,0,0,0,0,0,0,0,1,
1470,1,-8.92,IW,0,0,0,0,0,0,0,1,
1465,1,-8.97,IW,0,0,0,0,0,0,0,1,
1460,1,-9.01,IW,0,0,0,0,0,0,0,1,
1455,1,-9.06,IW,0,0,0,0,0,0,0,1,
1450,1,-9.1,IW,0,0,0,0,0,0,0,1,
1445,1,-9.15,IW,0,0,0,0,0,0,0,1,
1440,1,-9.19,IW,0,0,0,0,0,0,0,1,
1435,1,-9.24,IW,0,0,0,0,0,0,0,1,
1430,1,-9.28,IW,0,0,0,0,0,0,0,1,
1425,1,-9.33,IW,0,0,0,0,0,0,0,1,
1420,1,-9.38,IW,0,0,0,0,0,0,0,1,
1415,1,-9.42,IW,0,0,0,0,0,0,0,1,
1410,1,-9.47,IW,0,0,0,0,0,0,0,1,
1405,1,-9.52,IW,0,0,0,0,0,0,0,1,
1400,1,-9.57,IW,0,0,0,0,0,0,0,1,
1395,1,-9.62,IW,0,0,0,0,0,0,0,1,
1390,1,-9.66,IW,0,0,0,0,0,0,0,1,
1385,1,-9.71,IW,0,0,0,0,0,0,0,1,
1380,1,-9.76,IW,0,0,0,0,0,0,0,1,
1375,1,-9.81,IW,0,0,0,0,0,0,0,1,
1370,1,-9.86,IW,0,0,0,0,0,0,0,1,
1365,1,-9.91,IW,0,0,0,0,0,0,0,1,
1360,1,-9.96,IW,0,0,0,0,0,0,0,1,
1355,1,-10.01,IW,0,0,0,0,0,0,0,1,
1350,1,-10.06,IW,0,0,0,0,0,0,0,1,
1345,1,-10.11,IW,0,0,0,0,0,0,0,1,
1340,1,-10.16,IW,0,0,0,0,0,0,0,1,
1335,1,-10.22,IW,0,0,0,0,0,0,0,1,
1330,1,-10.27,IW,0,0,0,0,0,0,0,1,
1325,1,-10.32,IW,0,0,0,0,0,0,0,1,
1320,1,-10.37,IW,0,0,0,0,0,0,0,1,
1315,1,-10.43,IW,0,0,0,0,0,0,0,1,
1310,1,-10.48,IW,0,0,0,0,0,0,0,1,
1305,1,-10.53,IW,0,0,0,0,0,0,0,1,
1300,1,-10.59,IW,0,0,0,0,0,0,0,1,
1295,1,-10.64,IW,0,0,0,0,0,0,0,1,
1290,1,-10.7,IW,0,0,0,0,0,0,0,1,
1285,1,-10.75,IW,0,0,0,0,0,0,0,1,
1280,1,-10.81,IW,0,0,0,0,0,0,0,1,
1275,1,-10.86,IW,0,0,0,0,0,0,0,1,
1270,1,-10.92,IW,0,0,0,0,0,0,0,1,
1265,1,-10.98,IW,0,0,0,0,0,0,0,1,
1260,1,-11.03,IW,0,0,0,0,0,0,0,1,
1255,1,-11.09,IW,0,0,0,0,0,0,0,1,
1250,1,-11.15,IW,0,0,0,0,0,0,0,1,
1245,1,-11.2,IW,0,0,0,0,0,0,0,1,
1240,1,-11.26,IW,0,0,0,0,0,0,0,1,
1235,1,-11.32,IW,0,0,0,0,0,0,0,1,
1230,1,-11.38,IW,0,0,0,0,0,0,0,1,
1225,1,-11.44,IW,0,0,0,0,0,0,0,1,
1220,1,-11.5,IW,0,0,0,0,0,0,0,1,
1215,1,-11.56,IW,0.23,0.00749172,0.468496,0.12478,0,0,0,0.399233,87
1210,1,-11.62,IW,1.76,0.00746028,0.461167,0.133814,0,0,0,0.397558,86
1205,1,-11.68,IW,3.16,0.00746028,0.461167,0.133814,0,0,0,0.397558,86
1200,1,-11.74,IW,4.43,0.00746028,0.461167,0.133814,0,0,0,0.397558,86
1195,1,-11.81,IW,5.6,0.00742911,0.453901,0.142773,0,0,0,0.395897,85
1190,1,-11.87,IW,6.67,0.00742911,0.453901,0.142773,0,0,0,0.395897,85
1185,1,-11.93,IW,7.66,0.00742911,0.453901,0.142773,0,0,0,0.395897,85
1180,1,-12,IW,8.57,0.00742911,0.453901,0.142773,0,0,0,0.395897,85
1175,1,-12.06,IW,9.42,0.0073982,0.446694,0.151658,0,0,0,0.39425,84
1170,1,-12.12,IW,10.2,0.0073982,0.446694,0.151658,0,0,0,0.39425,84
1165,1,-12.19,IW,10.93,0.0073982,0.446694,0.151658,0,0,0,0.39425,84
1160,1,-12.25,IW,11.61,0.0073982,0.446694,0.151658,0,0,0,0.39425,84
1155,1,-12.32,IW,12.24,0.00736755,0.439547,0.160469,0,0,0,0.392616,83
1150,1,-12.38,IW,12.84,0.00736755,0.439547,0.160469,0,0,0,0.392616,83
1145,1,-12.45,IW,13.4,0.00736755,0.439547,0.160469,0,0,0,0.392616,83
1140,1,-12.52,IW,13.92,0.00736755,0.439547,0.160469,0,0,0,0.392616,83
1135,1,-12.59,IW,14.41,0.00736755,0.439547,0.160469,0,0,0,0.392616,83
1130,1,-12.65,IW,14.41,0.00736755,0.439547,0.160469,0,0,0,0.392616,83
1125,1,-12.72,IW,14.41,0.00736755,0.439547,0.160469,0,0,0,0.392616,83
1120,1,-12.79,IW,14.41,0.00736755,0.439547,0.160469,0,0,0,0.392616,83
1115,1,-12.86,IW,14.41,0.00736755,0.439547,0.160469,0,0,0,0.392616,83
1110,1,-12.93,IW,14.41,0.00736755,0.439547,0.160469,0,0,0,0.392616,83
1105,1,-13,IW,14.41,0.00736755,0.439547,0.160469,0,0,0,0.392616,83
1100,1,-13.07,IW,14.41,0.00736755,0.439547,0.160469,0,0,0,0.392616,83
1095,1,-13.14,IW,14.41,0.00736755,0.439547,0.160469,0,0,0,0.392616,83
1090,1,-13.21,IW,14.44,0.00736755,0.439547,0.160469,0,0,0,0.392616,83
1085,1,-13.29,IW,14.49,0.00733714,0.43246,0.169207,0,0,0,0.390996,82
1080,1,-13.36,IW,14.53,0.00733714,0.43246,0.169207,0,0,0,0.390996,82
1075,1,-13.43,IW,14.57,0.00733714,0.43246,0.169207,0,0,0,0.390996,82
1070,1,-13.51,IW,14.62,0.00733714,0.43246,0.169207,0,0,0,0.390996,82
1065,1,-13.58,IW,14.68,0.00733714,0.43246,0.169207,0,0,0,0.390996,82
1060,1,-13.66,IW,14.75,0.00733714,0.43246,0.169207,0,0,0,0.390996,82
1055,1,-13.73,IW,14.83,0.00733714,0.43246,0.169207,0,0,0,0.390996,82
1050,1,-13.81,IW,14.91,0.00733714,0.43246,0.169207,0,0,0,0.390996,82
1045,1,-13.89,IW,15,0.00730699,0.42543,0.177873,0,0,0,0.389389,81
1040,1,-13.96,IW,15.09,0.00730699,0.42543,0.177873,0,0,0,0.389389,81
1035,1,-14.04,IW,15.18,0.00730699,0.42543,0.177873,0,0,0,0.389389,81
1030,1,-14.12,IW,15.28,0.00730699,0.42543,0.177873,0,0,0,0.389389,81
1025,1,-14.2,IW,15.38,0.00727709,0.418458,0.186469,0,0,0,0.387796,80
1020,1,-14.28,IW,15.48,0.00727709,0.418458,0.186469,0,0,0,0.387796,80
1015,1,-14.36,IW,15.58,0.00727709,0.418458,0.186469,0,0,0,0.387796,80
1010,1,-14.44,IW,15.67,0.00724743,0.411543,0.194994,0,0,0,0.386215,79
1005,1,-14.52,IW,15.76,0.00724743,0.411543,0.194994,0,0,0,0.386215,79
1000,1,-14.61,IW,15.85,0.00724743,0.411543,0.194994,0,0,0,0.386215,79
995,1,-14.69,IW,15.94,0.00724743,0.411543,0.194994,0,0,0,0.386215,79
990,1,-14.77,IW,16.02,0.007218,0.404684,0.20345,0,0,0,0.384647,78
985,1,-14.86,IW,16.09,0.007218,0.404684,0.20345,0,0,0,0.384647,78
